No,Judul,Isi,Url,Label
1,"Usia Pemain Timnas Indonesia untuk Lawan China dan Jepang: Stefano Lilipaly Tertua, Siapa Termuda? - Bola Liputan6.com","Liputan6.com, JakartaDipanggilnya Stefano Lilipaly memberi warna baru bagi Timnas Indonesia di babak Kualifikasi Piala Dunia 2026. Stefano Lilipaly lansung tercatat sebagai pemain tertua dari 32 pemain yang dipilih pelatih Patrick Kluivert. Timnas Indonesia kini tengah menyiapkan tim untuk dua laga terakhir Grup C babak Kualifikasi Piala Dunia 2026. Dua laga itu adalah menjamu China (5/6) di Jakarta dan tandang ke markas Jepang (10/6). Baca Juga Kluivert memanggil 32 pemain untuk agenda tersebut. Nantinya, 32 pemain itu bakal menjalani pemusatan latihan di Bali. Pada fase itu, sangat mungkin ada pemain yang dicoret karena biasanya hanya 23 nama yang didaftarkan. Advertisement Kluivert membuat beberapa panggilan baru pada kesempatan ini. Pemain kembar, Yance dan Yakob Sayuri, dapat kembali dapat panggilan. Kasus yang sama berlaku pada Lilipaly yang cukup lama absen membela Skuad Garuda. Stefano Lilipaly cukup lama tidak mendapat panggilan ke Timnas Indonesia. Bahkan, saat performanya sangat bagus bersama Borneo FC di BRI Liga 1 2023/2024 lalu, Lilipaly tak dilirik Shin Tae-yong sama sekali. Setelah cukup lama absen, Stefano Lilipaly akhirnya dapat kesempatan untuk membela Skuad Garuda. Mantan pemain Bali United itu masuk dalam daftar 32 pemain yang dipanggil Patrick Kluivert untuk persiapan duel lawan China dan Jepang. Dari 32 pemain pilihan Kluivert, Lilipaly jadi pemain dengan usia paling tua. Lahir pada 10 Januari 1990, Lilipaly berusia 35 tahun. Dia lebih tua dua tahun dari Jordi Amat yang jadi pemain tertua kedua di Skuad Garuda. Hanya ada tiga pemain yang berusia di atas 30 tahun dalam skuad Timnas Indonesia. Selain dua nama tersebut, ada Joe Pelupessy yang berusia 32 tahun. Lalu, ada Thom Haye dan Sandy Walsh yang kini berusia 30 tahun. Advertisement Meskipun ada beberapa pemain 'kepala tiga', rata-rata usia pemain Timnas Indonesia masih muda. Berdasarkan data Transfermarkt, rata-rata usia pemain di skuad Indonesia adalah 26,3 tahun. Marselino Ferdinan jadi pemain paling muda dalam skuad. Pemain yang membela Oxford United itu berusia 20 tahun. Meskipun muda, Marselino jadi salah satu pemain kunci bagi Indonesia. Di atas Marselino, ada nama Ivar Jenner dan Justin Hubner yang usianya baru 21 tahun. Setelah itu, ada Rafael Struick dan Ramadhan Sananta yang kini berusia 22 tahun. Mereka akan bersaing dengan pemain yang lebih senior. Berikut adalah daftar pemain Timnas Indonesia untuk laga melawan Tiongkok (5 Juni) dan Jepang (10 Juni): Advertisement",https://www.liputan6.com/bola/read/6026749/usia-pemain-timnas-indonesia-untuk-lawan-china-dan-jepang-stefano-lilipaly-tertua-siapa-termuda,Non-Sepak Bola
2,"Marcus Fernaldi Gideon Pensiun sebagai Atlet Bulu Tangkis di Usia 33 Tahun, Ini Tanggapan PBSI","KOMPAS.com- Unggahan yang menyatakan pebulu tangkis Indonesia,Marcus Fernaldi Gideonpensiun dari turnamen bulu tangkis internasional, ramai di media sosial. Unggahan tersebut dimuat di akun Instagram@badmintalk_com, Sabtu (9/3/2024). ""BREAKING. Marcus Fernaldi Gideon of Indonesia announced retirement from international badminton (Marcus Fernaldi Gideon dari Indonesia mengumumkan pensiun dari bulutangkis internasional),"" tulis unggahan. Diketahui, Marcus adalah atlet PelatnasPBSIuntuk nomor ganda putra bersama dengan Kevin Sanjaya Sukamuljo sebelum akhirnya pisah pada pertengahan Juni 2023. Saat itu, Marcus mengalami masalah pada kakinya dan mengharuskannya untuk melakukan operasi. Baca juga:Jadi ASN, Pemain Bulu Tangkis Marcus Fernaldi Gideon Berpose Dua Jari Bersama TKN Prabowo-Gibran  Sementara itu, informasi terkait dengan pensiunnya atlet yang dijuluki ""The Minions"" itu juga diumumkan langsung melalui akun Instagram pribadinya@marcusfernaldig, pada Sabtu (9/3/2024). Dalam unggahannya, Marcus memutuskan untuk pensiun dari dunia bulu tangkis internasional, tepat pada hari ulang tahun ke-33 pada 9 Maret 2024. ""Thank You God for these 33 years! Pada hari ini tepat di usia 33 tahun saya memutuskan untuk berhenti dari karier profesional badminton. Tidak terasa sudah 25 tahun tidak henti-hentinya saya berlatih dan bersaing di lapangan. Saya mengucap syukur kepada Tuhan Yesus yang sudah berkarya dalam hidup saya. Tanpa-Nya saya mungkin tidak ada seperti sekarang ini,"" tulis Marcus. ""Semasa saya kecil bahkan guru saya pun mengganggap saya “madesu” atau masa depan suram, dianggap sebelah mata karena postur tubuh yang tidak tinggi dan bahkan prestasi saya boleh dikatakan 'biasa' saja jika dibandingkan dengan kawan-kawan lain. Saya sadar saya ada sampai sekarang ini hanya karena kemurahan Tuhan saja,"" tambahnya. Selain itu, Marcus juga mengucapkan terima kasih kepada partnernya untuk nomor ganda putra Indonesia seperti Markis Kido dan Kevin Sanjaya Sukamuljo, serta untuk para pelatih di pelatnas bulu tangkis PBSI. ""Dalam hidup ini tidak ada yang saya sesali, apa yang sudah saya raih sekarang ini bahkan sudah melebihi apa yang pernah saya impikan. Oleh sebab itu saya menutup karier saya dalam dunia badminton dengan hati yang puas dan rasa bersyukur. Tidak lupa saya juga berterima kasih untuk para supporter yang telah mendukung saya selama ini,"" ungkap Marcus. ""Saya dulu pernah berkata kepada istri saya saat kami masih pacaran 'saya ingin jadi world no.1' karena pada saat itu tampaknya menjadi ranking satu adalah sesuatu yang sulit sekali untuk digapai, tapi Tuhan memberikan bahkan lebih dari yang saya bayangkan. Oleh sebab itu, saya menutup karier saya dalam dunia badminton dengan hati yang puas dan rasa bersyukur,"" pungkasnya Lantas, benarkah kabar tersebut dan bagaimana tanggapan PBSI? Baca juga:Aktor Pengisi Suara Batman Kevin Conroy Meninggal Dunia, Apa Penyebabnya? Saat dikonfirmasi, Ketua Harian Pengurus Pusat (PP) PBSI, Alex Tirta mengatakan saat ini pihaknya belum menerima keputusan pensiun dari Marcus, baik itu secara lisan maupun tertulis. ""PP PBSI mendapat kabar dari media sosial bahwa Marcus Fernaldi Gideon memutuskan pensiun sebagai atlet bulu tangkis profesional. Namun PP PBSI belum menerima keputusan itu secara resmi dari Marcus Fernaldi Gideon dalam bentuk lisan ataupun tertulis,"" ujarnya saat dihubungiKompas.com, Sabtu (9/3/2024). Kendati demikian, Alex mengatakan bahwa pihaknya akan menghormati apapun keputusan yang diambil Marcus. ""Apabila kabar itu benar, PP PBSI sangat menghormati keputusan Marcus Fernaldi Gideon ini. Prestasi dan dedikasi Marcus Fernaldi Gideon untuk kejayaan prestasi bulu tangkis Indonesia sudah tidak diragukan lagi,"" imbuhnya. Ia mengungkapkan, saat ini PP PBSI masih menunggu komunikasi lebih lanjut dari Marcus Fernaldi Gideon untuk mengambil langkah-langkah selanjutnya. Baca juga:Respons Kemenpan-RB soal Pose Dua Jari Marcus Gideon",https://www.kompas.com/tren/read/2024/03/09/150000465/marcus-fernaldi-gideon-pensiun-sebagai-atlet-bulu-tangkis-di-usia-33-tahun,Non-Sepak Bola
3,Media China Pasrah Pasukan Branko Ivankovic Dibantai Timnas Indonesia di Kualifikasi Piala Dunia 2026 - Bola Liputan6.com,"Liputan6.com, Jakarta -Outlet berita China163sudah pesimistis soal peluang timnasnya menang saat bertamu ke markas Indonesia dalam lanjutan putaran 3 Kualifikasi Piala Dunia 2026 di Stadion Utama Gelora Bung Karno, Kamis (5/6/2025). Laporan media tersebut yang diunggah pada Minggu (18/5/2025) lalu menyoroti jompalangnya kualitas Tim Naga dengan skuad Garuda buntut kehadiran sejumlah penggawa keturunan baru. Baca Juga Untuk diketahui, dari total 32 pemain yang dipanggil Patrick Kluivert jelang melakoni dua laga terakhir FIFA World Cup Qualifiers, sebanyak 18 di antaranya memang merupakan pemain naturalisasi. Advertisement Nama-nama andalan seperti Ole Romeny, Thom Haye, dan Jay Idzes kembali muncul menghiasi daftar skuad. Meski demikian, Ragnar Oratmangoen yang juga sering diandalkan terpaksa absen akibat problem kebugaran. Media163menilai, keberadaan pemain keturunan Indonesia menjadi salah satu alasan di balik keberhasilan skuad Garuda meraih 6 poin penting saat dua laga kandang terakhir kontra Arab Saudi dan Bahrain. Mereka pun meyakini Timnas China bakal jadi korban selanjutnya yang dibantai di Stadion Utama Gelora Bung Karno, sehingga menyebabkan Tim Naga harus merelakan slot tampil di putaran final Piala Dunia tahun depan. ""Dalam beberapa pertandingan babak 18 besar (putaran ketiga Kualifikasi Piala Dunia) terakhir, Timnas Indonesia mengirim sedikitnya 9 pemain keturunan untuk menjadi starter,"" tulis163dalam laporannya. ""Dua kemenangan kandang terakhir atas Arab Saudi dan Bahrain telah memungkinkan Indonesia meraih 6 poin penting. Dibanding Indonesia, meski Timnas Tiongkok juga telah menaturalisasi banyak pemain, cuma sedikit yang memenuhi persyaratan Ivankovic. (Akibatnya) kesenjangan kekuatan antara Tiongkok dan Indonesia makin melebar."" ""Karena Indonesia akan bertandang ke Jepang di laga pemungkas, hampir mustahil mereka bisa meraup poin. Maka dari itu, Timnas Indonesia pasti akan berusaha sekuat tenaga mengalahkan China di kandang sendiri. Saat ini, tim nasional sepak bola Tiongkok nampaknya akan mengakhiri babak 18 besar dengan catatan 5 kekalahan berturut-turut dan akhirnya tersingkir di dasar klasemen,"" tambah mereka. Advertisement Sebagai informasi, Timnas Indonesia sendiri saat ini tengah menghuni peringkat 4 klasemen sementara grup C Kualifikasi Piala Dunia 2026 dengan perolehan 9 poin dari 8 pertandingan. Untuk bisa tembus otomatis mendampingi Jepang yang sudah menahbiskan diri sebagai pemuncak tabel, skuad Garuda masih harus mengejar defisit 4 angka dari Australia di urutan kedua. Kalau pun gagal, Timnas Indonesia masih punya kesempatan mencoba peruntungan lewat putaran 4 kualifikasi. Syaratnya, anak-anak asuh Patrick Kluivert harus finis minimal di peringkat 3 atau 4 klasemen.",https://www.liputan6.com/bola/read/6026872/media-china-pasrah-pasukan-branko-ivankovic-dibantai-timnas-indonesia-di-kualifikasi-piala-dunia-2026,Non-Sepak Bola
4,"Pusing Usai Dipukul Siswa SMP Bogor Saat Tanding Basket, Korban Akan Periksa ke RS","KABUPATEN BOGOR, KOMPAS.com- AM (13), pelajar SMPN 1 Bogor yang dipukul oleh RCS (15), siswa SMP Mardi Waluya Cibinong, Kabupaten Bogor, saat mengikuti turnamen basket antarsekolah berencana memeriksakan diri ke rumah sakit. Pasalnya, usai insiden pemukulan terjadi pada Senin (17/2/2025), AM merasa pusing selama tiga hari. “Sekarang sih sudah enggak (pusing) katanya, cuma untuk biar lega saja, kita tetap mau cek ke rumah sakit sih,” kata ibunda AM, Ariana (38), saat dihubungiKompas.com,Kamis (27/2/2025). Baca juga:Siswa SMP Bogor yang Dipukul Lawan Saat Tanding Basket Mengeluh Pusing 3 Hari AM mengaku dipukul RCS menggunakan sikut dan mengenai bagian belakang kepala dekat daun telinga. Pemukulan itu terjadi saat AM melakukan lemparan bebas ataufree throwdi quarter tiga pertandingan. Meski sesaat setelah dipukul AM merasa pusing, korban tetap lanjut bermain basket. “Terus abis itu juga AM kan masih bisa main kan, walaupun sempat ada pusing tapi dia bisa selesaikangamehari itu,” ujar Ariana. Pusing yang dirasakan AM baru hilang pada Rabu (19/2/2025). Saat itu, AM sudah kembali beraktivitas seperti biasa. “Pusingnya sih sebentar, cuma kejadiannya tuh sore, besoknya masih ada kerasa sedikit. Lusanya (Rabu) kayaknya dia bilang sudah enggak kenapa-napa, maksudnya sudah enggak sakit,” ujar Ariana. Meski kondisi AM sudah membaik, Ariana khawatir karena anaknya dipukul di area sensitif. Oleh karenanya, dia bakal memeriksakan sang anak ke dokter untuk memastikan kondisinya baik-baik saja. ""Banyak juga kan yang ngomong kalau misalnya untuk kepala mungkin berapa hari ke depan tuh enggak kelihatan (dampaknya). Tapi kan takut ya, sampai efeknya tuh baru kelihatan bisa saja 2-3 tahun ke depan,” jelas Ariana. Sebelumnya diberitakan, sebuah video viral di media sosial menunjukkan aksi pemukulan RCS terhadap AM saat pertandingan bola basket antarsekolah di Kota Bogor, Jawa Barat. Baca juga:Hotman Paris Tak Hadir Sidang karena Sakit, Razman Nasution: Saya Sudah Prediksi Setelah aksi pemukulan itu, terjadi keributan yang melibatkan penonton dari kedua SMP tersebut sehingga pertandingan basket dihentikan. Atas kejadian ini, RCS disanksi skorsing satu bulan oleh pihak sekolah. Selama diskors, RCS wajib mengikuti pembinaan psikologis. Siswa tersebut juga dikeluarkan dari tim basket sekolah dan dilarang mengikuti ekstrakurikuler basket. Sementara, oleh Persatuan Bola Basket Seluruh Indonesia (Perbasi), RCS disanksi dilarang mengikuti pertandingan basket selama dua tahun di seluruh wilayah, bukan hanya Bogor.",https://megapolitan.kompas.com/read/2025/02/27/12215251/pusing-usai-dipukul-siswa-smp-bogor-saat-tanding-basket-korban-akan,Non-Sepak Bola
5,"Pemain Persib Bandung Tak Dilirik Timnas Indonesia, Absennya Beckham Putra Paling Mengherankan - Bola Liputan6.com","Liputan6.com, Jakarta -Nama-nama pemain Persib Bandung yang sukses meraih gelar juara BRI Liga 1 2024/2025, sayangnya tidak ada yang dilirik oleh pelatih Timnas Indonesia, Patrick Kluivert. Hal ini menimbulkan pertanyaan di kalangan penggemar sepak bola nasional. Mengapa para pemain Persib Bandung yang tampil gemilang justru terabaikan dalam pemanggilan pemain untuk laga Kualifikasi Piala Dunia 2026? Baca Juga Tidak ada satu pun nama pemain Persib Bandung yang masuk dalam daftar Garuda Calling, yaitu pemanggilan pemain Timnas Indonesia untuk menghadapi laga Kualifikasi Piala Dunia 2026 melawan China dan Jepang. Advertisement Pertandingan Indonesia melawan China akan digelar di Stadion Utama Gelora Bung Karno, Senayan, Jakarta pada 5 Juni 2025 mendatang, yang kemudian akan disusul dengan laga tandang melawan Jepang pada 10 Juni. Djadjang Nurdjaman, mantan pelatih Persib Bandung yang berhasil membawa Maung Bandung meraih juara Liga Indonesia 2014, mengungkapkan rasa sayangnya atas tidak adanya pemain dari tim juara Liga 1 yang dipanggil untuk memperkuat Timnas Indonesia. Menurutnya, ada beberapa pemain yang tampil reguler dan sangat layak untuk mengenakan seragam Timnas Indonesia. Dari sudut pandang Djanur, sapaan akrabnya, ada dua nama pemain Persib Bandung yang sering bermain reguler dan dinilai pantas untuk memperkuat Timnas Indonesia. Pemain pertama adalah Beckham Putra, pemain menyerang yang sering ditempatkan di posisi penyerang sayap. Nama kedua adalah Edo Febriansah, yang kerap beroperasi di posisi wing back kiri. Keduanya dinilai memiliki kontribusi yang signifikan bagi tim. Beckham tampil dalam 33 pertandingan Persib Bandung di Liga 1 dan AFC Champions League Two musim ini, dengan mencatatkan tujuh gol dan tiga assist. Sementara itu, Edo telah bermain dalam 35 pertandingan Persib Bandung di dua ajang tersebut. Keduanya menunjukkan performa yang konsisten dan memberikan dampak positif bagi tim Maung Bandung. “Sangat menyayangkan, makanya kenapa, padahal ada beberapa yang layak kalau menurut saya Beckham sangat layak dipanggil,” ujar Djanur. Ia menambahkan, “Kalau yang lainnya mungkin oke lah, kalau kita lihat yang main reguler selain Beckham ada Edo (Febriansah) itu yang boleh dikatakan tidak tergantikan di beberapa pertandingan.” Advertisement Djanur juga mengamati nama-nama pemain depan Timnas Indonesia yang masuk dalam daftar 32 nama. Beberapa di antaranya adalah Ole Romeny (Oxford United), Rafael Struick (Brisbane Roar), Ramadhan Sananta (Persis Solo), Septian Bagaskara (Dewa United), Egy Maulana Vikri (Dewa United), dan Stefano Lilipaly (Borneo FC). Ia menilai bahwa Beckham memiliki potensi untuk bersaing dengan nama-nama tersebut, terutama dengan pemain-pemain yang bermain di Liga 1. “Sesama pemain depan terutama dengan Septian Bagaskara, Egy Maulana, dan Lilipaly, Sananta, saya pikir masih bisa bersaing,” nilai Djanur. Ia juga menambahkan, “Lilipaly kan baru dipanggil lagi, saya pikir kita bisa mengatakan Beckham bisa bersaing dengan pemain-pemain yang dipanggil.” Begitu juga dengan Edo Febriansah, pemain asal Gresik ini dinilai masih mampu bersaing dengan Pratama Arhan atau Yance Sayuri di posisi sayap kiri. Bahkan, Edo juga dinilai bisa bersaing dengan Shayne Pattynama, kecuali dengan Calvin Verdonk dan Dean James yang memiliki pengalaman lebih banyak. “Oke memang kalau menurut saya dengan Verdonk masih dikatakan agak berat (bersaing) tapi kalau dengan nama-nama Pratama Arhan, Shayne yang juga jarang main,” ujar Djanur menambahkan. “Sebetulnya masih bisa bersaing kecuali dengan Verdonk dia punya kelebihan tersendiri, tapi kalau dengan nama-nama tadi Arhan, masih berani bersaing.”",https://www.liputan6.com/bola/read/6026560/pemain-persib-bandung-tak-dilirik-timnas-indonesia-absennya-beckham-putra-paling-mengherankan,Non-Sepak Bola
6,"Hasil Final Four ProLiga 2025, Kejutan Sumsel Babel Taklukkan Bhayangkara","KOMPAS.com- Kejutan tercipta usaiPalembang Bank Sumsel Babelmengalahkan juara bertahanJakarta Bhayangkara Presisidalam Final FourProLiga 2025seri Kediri, Sabtu (19/4/2025). Duel Palembang BankSumsel BabelvsBhayangkara Presisiberakhir dengan skor 3-2 (21-25, 25-19, 21-25, 25-18, 18-16) di GOR Jayabaya, Kediri, Jawa Timur. Palembang Bank Sumsel Babel sebelumnya tumbang 0-3 darirunner-upProLiga musim lalu, Jakarta LavAni. Akan tetapi, hal berbeda terjadi pada Sabtu malam tersebut. Pemilihansetteratautossermenjadi salah satu kunci kemenangan Sumsel Babel dalam laga tersebut. Baca juga:Kapan Megawati Main untuk Gresik Petrokimia di Final Four ProLiga 2025? Pada laga sebelumnya melawan LavAni, pelatih Iwan Dedy Setiawan lebih sering memakai Aji Maulana. Namun, pertandingan kontra Bhayangkara memberikan tempat bagi Widya Cahya Wismoyojati untuk tampil. ""Wismoyojati bisa membantu blok. Selain itu, dia juga bisa memberikan bola-bola cepat dalam menyerang,"" kata asisten pelatih Palembang Bank Sumsel Babel, Memet Tarmedi. Selain pemilihan otak serangan di lapangan yang tepat, penampilan pemain asing mereka, Marko Sedlacek, juga patut diapresiasi. Marko Sedlacek menjadi top skor di timnya dengan mengumpulkan 23 poin. DOK. PBVSIPara pemain Palembang Bank Sumsel Babel merayakan poin mereka atas Jakarta Bhayangkara Presisi dalam laga Final Four ProLiga 2025 di GOR Jayabaya, Kediri, Jawa Timur, Sabtu (20/4/2025). Baca juga:Hasil Final Four ProLiga 2025, Gresik Petrokimia Menang Tanpa Mega Performanya yang diapresiasi bukan hanya total poin yang didapat, tetapi juga totalitas di lapangan. Pemain asal Kroasia itu sempat nyeri di bagian dada dan bahu kanan. Namun, dia tak mau diganti saat Sumsel Babel unggul 11-8 pada set kelima. ""Waktu itu dalam posisi poin penting, jadi saya ingin tetap berada di lapangan. Sama seperti kami berlatih setiap hari, kami ingin menikmatinya dan memberikan yang terbaik,"" ungkap Marko kepadaKOMPAS.com. Di lain sisi, kekecewaan terasa di kubu Jakarta Bhayangkara Presisi. Pelatih mereka, Reidel Toiran akan mengevaluasi performa timnya untuk laga ke depan. Baca juga:Hasil Final Four ProLiga: LavAni Berawal dari Buta, Berakhir Poin 3 ""Kami akan lihat video pertandingan hari ini dan statistiknya. Lalu persiapan untuk minggu depan karena akan melawan lawan-lawan baru,"" kata Reidel. ",https://www.kompas.com/sports/read/2025/04/20/01032458/hasil-final-four-proliga-2025-kejutan-sumsel-babel-taklukkan-bhayangkara,Non-Sepak Bola
7,Mengapa Ragnar Oratmangoen tak Dipanggil ke Timnas Indonesia untuk Lawan China dan Jepang? - Bola Liputan6.com,"Liputan6.com, JakartaTidak ada nama Ragnar Oratmangoen dalam daftar 32 pemain Timnas Indonesia untuk laga melawan China dan Jepang. Apa yang membuat pemain 27 tahun itu tidak masuk dalam pemain pilihan pelatih Patrick Kluivert? Ragnar Oratmangoen selama ini jadi salah satu pemain kunci Timnas Indonesia, baik era Shin Tae-yong maupun Kluivert. Pada Maret lalu, saat Indonesia menang 1-0 atas Bahrain, Ragnar jadi pemain inti dan tampil apik. Baca Juga Berdasarkan rekam jejak di Skuad Garuda, Ragnar diharapkan bisa tampil pada laga lawan China (5/6) dan Jepang (10/6) pada lanjutan Kualifikasi Piala Dunia 2026. Namun, Ragnar dipastikan absen pada dua laga itu. Advertisement Tidak ada nama Ragnar dalam daftar 32 pemain Timnas Indonesia yang nantinya akan mengikuti pemusatan latihan di Bali. Ragnar juga sudah cukup lama absen membela klubnya yakni FCV Dender. Simak informasi lengkapnya di bawah ini. Setelah PSSI mengumumkan daftar 32 pemain Timnas Indonesia untuk laga melawan China dan Jepang, muncul spekulasi soal tidak dipanggilnya Ragnar Oratmangoen. PSSI pun memberi keterangan soal situasi yang terjadi. ""Ragnar tidak dipanggil karena lagi sakit, jadi bukan karena apa-apa. Ragnar tidak bisa ikut dalam pertandingan kali ini,"" ujar Anggota Exco PSSI, Arya Sinulingga. Tidak ada informasi lebih jauh soal sakit yang dialami Ragnar. Namun, berdasarkan catatan Soccerway maupun Transfermarkt, Ragnar sudah cukup lama tidak bermain untuk klub FCV Dender. Ragnar terakhir kali bermain untuk klub asal Belgia itu pada 16 Maret 2025 lalu. Ketika itu, Ragnar bermain selama 29 menit ketika FCV Dender menelan kekalahan dengan skor 1-2 dari KV Mechelen yang merupakan mantan klub Sandy Walsh. Advertisement Patrick Kluivert harus memutar otaknya untuk bisa menemukan pengganti Ragnar Oratmangoen. Ada beberapa opsi yang bisa dipilih pelatih asal Belanda itu jika merujuk pada daftar 32 pemain yang sudah dipanggil. Egy Maulana Vikri bisa jadi pilihan dengan pertimbangan performa apik di BRI Liga 1 2024/2025. Alasan yang sama berlaku pada kasus Yakob dan Yance Sayuri. Mereka jadi pemain kunci bagi Malut United. Selain mereka berdua, ada nama Stefano Lilipaly, Rafael Struick, dan Ricky Kambuaya yang bisa mengisi pos gelandang serang. Pemain serbabisa, Eliano Reijnders, juga bisa jadi opsi pengganti Ragnar Oratmangoen. Berikut adalah daftar pemain Timnas Indonesia untuk laga melawan Tiongkok (5 Juni) dan Jepang (10 Juni): Advertisement",https://www.liputan6.com/bola/read/6026494/mengapa-ragnar-oratmangoen-tak-dipanggil-ke-timnas-indonesia-untuk-lawan-china-dan-jepang,Liga Inggris
8,Ruben Amorim Akui Salah Usai Man United Kalah dari West Ham,"KOMPAS.com-Ruben Amorimmengakui kesalahannya setelahManchester Unitedmengalami kekalahan 0-2 dariWest Ham UniteddiLiga Inggris. Hasil buruk kembali dirasakanMan Uniteddalam kompetisi Liga Inggris 2024-2025. Performa Setan Merah di liga domestik sangat mengecewakan, berbeda dengan penampilan mereka di Eropa. Selang tiga hari setelah memastikan lolos ke final Liga Europa, MU menelan kekalahan ke-17 di Liga Inggris musim ini. PertandinganMan United vs West Hamyang berlangsung di Old Trafford pada Minggu (11/5/2025) malam WIB tuntas dengan skor 0-2 buat kubu tamu. Man United lagi-lagi dipermalukan di hadapan ribuan pendukungnya sendiri. Inilah kekalahan kandang kesembilan yang diderita Setan Merah di Liga Inggris musim ini. Baca juga:Man United Kalah 17 Kali di Liga Inggris, Bangkitkan Memori Kelam Degradasi Man United harus menelan kekalahan 0-2 dari West Ham, meskipun mereka mendominasi tembakan dan penguasaan bola. West Ham berhasil memastikan kemenangan melalui gol Tomas Soucek (26') dan Jarrod Bowen (57'). Kekalahan dari West Ham membuat Man United melorot ke peringkat 16. Sedangkan, West Ham naik ke urutan ke-15. Dalam tujuh laga terakhir di Liga Inggris, Man United tak pernah menang. Tekanan kepada Ruben Amorim sebagai pelatih jelas bertambah. Usai pertandingan, Amorim berusaha membela para pemainnya Ia menegaskan bahwa hasil buruk bukan kesalahan mereka. ""Ini bukan kesalahan para pemain. Ini adalah kesalahan saya, saya yang bertanggung jawab."" ""Jika kami tidak dapat mengubahnya dengan cepat, kami harus memberikan tempat kami kepada orang lain,"" ujar eks pelatih Sporting CP tersebut. Amorim mengaku merasa malu melihat posisi klubnya di klasemen Liga Inggris saat ini. Baca juga:Hasil Man United Vs West Ham 0-2, Pasukan Amorim Kembali Kalah di Old Trafford Meskipun mereka berhasil mencapai final Liga Europa, masalah yang dihadapi Man United jauh lebih besar dari itu. Sebelum menghadapi final Liga Europa, Man United akan bertandang ke Chelsea di pekan ke-37. Pertandingan itu dijadwalkan berlangsung di Stamford Bridge pada Jumat (16/5/2025) atau Sabtu pukul 02.15 WIB. Man United sangat membutuhkan kemenangan untuk memperbaiki posisi dan reputasi mereka sebagai tim elite di Inggris.",https://bola.kompas.com/read/2025/05/12/10455078/ruben-amorim-akui-salah-usai-man-united-kalah-dari-west-ham,Liga Inggris
9,Ragnar Oratmangoen Jelaskan Alasan Dicoret dari Timnas Indonesia Jelang Laga Kontra China dan Jepang - Bola Liputan6.com,"Liputan6.com, JakartaSalah satu pemain andalan Timnas Indonesia Ragnar Oratmangoen secara mengejutkan tidak masuk dalam daftar 32 pemain pilihan Patrick Kluivert untuk pertandingan melawan China dan Jepang. Sebagaimana diketahui, skuad Garuda diagendakan kembali melanjutkan kiprah dalam putaran 3 grup C Kualifikasi Piala Dunia 2026 zona Asia pada awal Juni mendatang. Baca Juga Jay Idzes dan kawan-kawan bakal lebih dulu menjamu Tim Naga di Stadion Utama Gelora Bung Karno (SUGBK) pada 5 Juni. Setalahnya, Timnas Indonesia akan partai tandang melawan Samurai Biru lima hari berselang. Advertisement Duo pertandingan tersebut bakal menjadi momen krusial sebab akan menentukan asa skuad Garuda melaju ke putaran final Piala Dunia tahun depan. Jika ingin lolos otomatis, anak-anak asuh Kluivert harus merebut posisi dua agar bisa menemani Jepang yang telah lebih dulu memastikan tiket FIFA World Cup lantaran perolehan poinnya sudah tak terkejar di puncak klasemen. Namun apabila skenario itu sulit diwujudkan, Timnas Indonesia bisa mencoba peruntungan lagi via kualifikasi putaran 4, dengan syarat finis di peringkat 3 atau 4 klasemen grup C. Kemenangan Timnas Indonesia atas Filipina pada Selasa (11/6/2024) malam disambut kebahagiaan seluruh masyarakat Indonesia. Tak terkecuali seorang fan timnas yang hadir di Stadion Utama Gelora Bung Karno, Jakarta berikut ini. Ia sangat beruntung lanta... Sayangnya jelang memasuki partai krusial ini, Ragnar Oratmangoen dipastikan tidak akan bisa membantu tim nasional sebab namanya memang tak didaftarkan dalam susunan 32 penggawa untuk lanjutan Kualifikasi Piala Dunia 2026. Bukan karena problem lain, sang pemain menyatakan sendiri bahwa dia sedang diganggu masalah cedera, sehingga harus merelakan partisipasinya dalam dua laga terakhir skuad Garuda melawan China dan Jepang. ""Kepada para penggemar, akibat cedera, saya tidak akan bisa bergabung dengan tim (Indonesia) dalam dua pertandingan di putaran ini,"" tulis Ragnar dalam unggahan di akun Instagram pribadinya pada Minggu (18/5/2025). ""Tidak ada tempat yang lebih ingin saya datangi dibanding di lapanganagar bisa berjuang untuk Garuda. Namun, kesehatan harus saya dahulukan."" ""Saya akan melakukan segala yang saya bisa musim panas ini supaya kembali bugar 100 persen saat mengawali musim depan. Untuk sekarang, semoga (Timnas Indonesia) sukses dan tetaplah yakin,"" tandasnya. Advertisement Sebelumnya, Anggota Komite Eksekutif (Exco) juga sempat buka suara memaparkan alasan nama Ragnar Oratmangoen dicoret dari 32 pemain Timnas Indonesia yang dipanggil untuk lanjutan Kualifikasi Piala Dunia 2026. Penggawa FCV Dender itu sedang sakit, sehingga terpaksa absen dalam dua pertandingan terakhir, sementara posisinya akan digantikan oleh pemain lain. Untuk diketahui, Timnas Indonesia saat ini menghuni peringkat 4 klasemen sementara grup c dengan perolehan 9 poin dari 8 pertandingan. Skuad Garuda cuma terpaut 1 angka dari Arab Saudi yang bertengger tepat di atasnya serta berselisih 4 poin dengan Australia di urutan 2.",https://www.liputan6.com/bola/read/6026475/ragnar-oratmangoen-jelaskan-alasan-dicoret-dari-timnas-indonesia-jelang-laga-kontra-china-dan-jepang,Liga Indonesia
10,Klasemen Liga 1 Usai Skor PSS Sleman Vs Persija Jakarta 2-1,"KOMPAS.com-PSS Slemanmenjaga asa sintas alias bertahan di Liga 1 usai membekuk Persija 2-1. Laga pekan ke-33Liga 1 2024-2025antara PSS vs Persija di Stadion Maguwoharjo, Sabtu (17/5/2025) berakhir dramatis. PSS Sleman mengamankan kemenangan pada detik-detik terakhir laga berkat gol Marcelo Cirino (90+16'). Sebelumnya, kedua tim berbagi skor sama kuat 1-1. PSS membuka keunggulan lebih dahulu via tembakan penalti Gustavo Tocantins (22'). Baca juga:Hasil PSS Vs Persija 2-1: Super Elja Jaga Asa Bertahan di Liga 1 Selang tiga menit, respons diberikanPersija Jakartamelalui gol indah Pablo Andrade. Skor 1-1 terus bertahan memasuki masainjury time, sampai kemudian Marcelo Cirino menciptakan gol pemasti kemenangan untuk kubu tuan rumah beralias Super Elja. Berkat kemenangan ini, PSS Sleman menjaga asa mereka bertahan di Liga 1. Super Elja kini menduduki peringkat 16klasemen Liga 1dengan 31 angka dari 33 kali bermain. Mereka berjarak satu poin dari Semen Padang yang duduk di batas zona aman, persisnya peringkat 15, dengan bekal 32 poin dari 32 pertandingan. Pada pekan pamungkas Liga 1 2024-2025 nanti, PSS dijadwalkan bersua dengan Madura United pada Sabtu (24/5/2025). Bali United vsMadura United0-2 Barito Putera vsPSM Makassar1-4 PSS Slemanvs Persija Jakarta 2-1 Persis vs Dewa United 1-1 Keterangan:No: PeringkatD: DimainkanM: MenangS: SeriK: Kalah-/+: Selisih GolP: Poin*Update terakhir Sabtu (17/05/2025) pukul 23:22 WIB",https://bola.kompas.com/read/2025/05/17/22245258/klasemen-liga-1-usai-skor-pss-sleman-vs-persija-jakarta-2-1,Liga Indonesia
11,"Statistik Stefano Lilipaly di BRI Liga 1 2024/2025, Masih Layak Dipanggil Timnas Indonesia? - Bola Liputan6.com","Liputan6.com, JakartaStefano Lilipaly jadi satu dari 32 pemain yang dipanggil Patrick Kluivert ke Timnas Indonesia. Pemain Borneo FC itu dipanggil untuk laga Kualifikasi Piala Dunia 2026 lawan China (5/6) dan Jepang (10/6) nanti. Lilipaly sejak lama diyakini layak dapat panggilan ke Timnas Indonesia, termasuk pada era Shin Tae-yong. Apalagi, pada musim 2023/2024 lalu, dia tampil sangat bagus dan jadi pemain kunci untuk Borneo FC di BRI Liga 1. Baca Juga Musim lalu, Lilipaly mencetak 11 gol dan bikin 17 assist. Dia membawa Borneo FC finis di peringkat pertama klasemen BRI Liga 1, pada fase reguler. Hanya saja, pada Championship Series, mereka gagal juara. Advertisement Namun, statistik mentereng itu tak lantas membawa Lilipaly dipanggil ke Timnas Indonesia. Kini, dengan performa yang sedang menurun. Lilipaly justru dapat panggilan dari Patrick Kluivert untuk membela Skuad Garuda. Hingga pekan ke-33, Stefano Lilipaly masih jadi bagian penting dari skuad Borneo FC. Dia telah memainkan 23 laga, dengan catatan lima gol dan empat assist. Jika dibanding musim-musim sebelumnya, catatan gol dan assistnya turun. Penampilan pada 23 laga menunjukkan bahwa Lilipaly punya peran besar bagi Borneo FC. Namun, ada satu catatan yang perlu dapat perhatian. Dari 23 laga yang dimainkan, Lilipaly hanya dua kali bermain secara penuh. Lilipaly belakangan juga banyak absen dari laga Borneo FC. Dia mengalami cedera pada awal 2025 lalu. Sejak Januari 2025, dia hanya enam kali bermain untuk Borneo FC pada laga BRI Liga 1. Lilipaly baru pulih dari cedera. Secara performa, dia belum berada pada level terbaiknya. Namun, Lilipaly masih punya kualitas mumpuni. Dia punya visi bermain jempolan. Lilipaly tercatat telah membuat 36 kreasi peluang bagi Borneo FC di BRI Liga 1. Advertisement Stefano Lilipaly sudah sangat lama absen dari Timnas Indonesia. Terakhir kali dia membela Skuad Garuda terjadi pada Agustus 2023 lalu. Kala itu, Lilipaly bermain selama 19 menit saat Indonesia menang 2-0 lawan Turkmenistan. Ada banyak catatan untuk performa Lilipaly di Timnas Indonesia. Namun, dia punya kualitas dan mungkin dibutuhkan Patrick Kluivert. Apalagi, Indonesia tanpa Ragnar Oratmangoen yang sakit dan urung dipanggil ke Timnas Indonesia. Lilipaly bisa memainkan peran yang sama dengan Oratmangoen, walau karakter bermain mereka berbeda. Lilipaly punya kemampuan menyerang yang kuat. Dia punya visi umpan yang bagus dan bisa memanjakan Ole Romeny sebagai penyerang tengah. Berikut adalah daftar pemain Timnas Indonesia untuk laga melawan Tiongkok (5 Juni) dan Jepang (10 Juni): Advertisement",https://www.liputan6.com/bola/read/6026459/statistik-stefano-lilipaly-di-bri-liga-1-20242025-masih-layak-dipanggil-timnas-indonesia,Liga Spanyol
12,"Link Live Streaming Real Madrid Vs Valencia, Kickoff 21.15 WIB","KOMPAS.com-Real Madridakan menjamuValenciadalam lanjutan Liga Spanyol 2024-2025. Berikut link live streamingReal Madrid vs Valencia. Los Blancos menghadapi Los Che beberapa jam sebelum pemimpin klasemen Barcelona bertanding melawan Real Betis pada pekan ke-30 Liga Spanyol. Laga Real Madrid vs Valencia akan digelar di Stadion Santiago Bernabeu, Sabtu (5/4/2025) pukul 21.15 WIB. Jika Real Madrid asuhan Carlo Ancelotti berhasil meraih kemenangan, mereka akan menyamai poin Barcelona. Baca juga:Krisis Kiper Real Madrid Jelang Duel Liga Champions Melawan Arsenal Namun, jika Barcelona menang, mereka akan kembali unggul tiga poin. Kekalahan pun tidak akan menggoyahkan posisi Barca arahan Hansi Flick sebagai pemimpin klasemen, lantaran mereka punya rekorhead-to-headyang lebih baik dari Real Madrid. Dengan banyak hal yang dipertaruhkan, Ancelotti diperkirakan akan melakukan rotasi, setelah kemenangan dramatis di tengah pekan melawan Real Sociedad dalam ajang Copa del Rey. Partai El Clasico kontra Barcelona akan tersaji di final Copa del Rey pada 26 April 2025 nanti dan Ancelotti perlu menjaga kebugaran skuadnya. Baca juga:Jadwal dan Klasemen Liga Spanyol: Real Madrid Vs Valencia, Barcelona Vs Betis Andriy Lunin absen karena cedera. Alhasil, kiper belia Fran Gonzalez akan mentas sebagai starter Real Madrid. Antonio Ruediger dan Fran Garcia diperkirakan akan memperkuat lini belakang. Nama pertama mencetak gol penentu hasil 4-4 di babak tambahan waktu partailegkedua semifinal Copa del Rey melawan Sociedad tengah pekan silam. Kuartet bek Real Madrid dilengkapi oleh Lucas Vazquez dan Aurelien Tchouameni. Pemain senior Real Madrid, Luka Modric, mendapatkan kans sebagai starter. Ia akan berkolaborasi dengan Federico Valverde di jantung permainan. Sementara, trio Brahim Diaz, Jude Bellingham, dan Vinicius Junior bakal menyokong kinerja Kylian Mbappe sebagai ujung tombak. ",https://bola.kompas.com/read/2025/04/05/20014208/link-live-streaming-real-madrid-vs-valencia-kickoff-2115-wib,Liga Spanyol
13,"Waspadai Dampak PHK ke Sektor Pembiayaan, OJK: Risiko Kredit Masih Terkendali - Bisnis Liputan6.com","Liputan6.com, Jakarta -Fenomena pemutusan hubungan kerja (PHK) yang terus meningkat belakangan ini menimbulkan kekhawatiran terhadap stabilitas sektor pembiayaan, khususnya industri fintech lending dan multifinance. Kondisi ini dinilai dapat berdampak ganda, baik terhadap potensi penurunan penyaluran pembiayaan maupun peningkatan risiko kredit macet. Kepala Eksekutif Pengawas Lembaga Pembiayaan, Perusahaan Modal Ventura, Lembaga Keuangan Mikro dan Lembaga Jasa Keuangan Lainnya (PVML), Agusman, menegaskan Otoritas Jasa Keuangan (OJK) terus mencermati dampak dari maraknya PHK terhadap sektor pembiayaan. Baca Juga ""Maraknya PHK akan terus dicermati dampaknya terhadap multifinance dan Pindar,"" kata Agusman dikutip dari jawaban tertulisnya, Senin (19/5/2025). Advertisement OJK melalui pengawasan terhadap sektor pembiayaan terus mencermati potensi dampak dari gelombang PHK tersebut. Industri didorong untuk memperkuat prinsip kehati-hatian, mengelola risiko secara menyeluruh, dan tetap melakukan inovasi guna menjaga ketahanan menghadapi tekanan ekonomi, baik di level nasional maupun global. ""Perusahaan didorong untuk terus memperhatikan aspek kehati-hatian, memiliki manajemen risiko yang memadai, dan melakukan inovasi secara berkelanjutan untuk menekan meningkatnya risiko gagal bayar di tengah dinamika perekonomian domestik dan global,"" ujarnya. Meski terdapat potensi risiko, indikator profil risiko pembiayaan hingga Maret 2025 masih berada dalam level yang relatif terkendali. Rasio Non-Performing Financing (NPF) gross disektor multifinancetercatat menurun menjadi 2,71 persen dari bulan sebelumnya. Sementara itu, tingkat wanprestasi di atas 90 hari (TWP90) pada industri fintech lending juga tetap stabil di angka 2,77 persen. Kata Agusman, OJK terus melakukan pemantauan intensif untuk memastikan kondisi industri pembiayaan tetap sehat dan mampu beradaptasi terhadap dinamika ekonomi, termasuk potensi dampak dari meningkatnya angka PHK. ""OJK terus melakukan monitoring terhadap tingkat risiko kredit bermasalah. Per Maret 2025, profil risiko multifinance terjaga dengan rasio NPF gross tercatat turun menjadi 2,71 persen dari bulan sebelumnya. Pada industri Pindar, TWP90 juga masih terjaga di posisi 2,77 persen,"" ujar dia. Advertisement Gelombang Pemutusan Hubungan Kerja (PHK) masih akan terjadi pada 2025. Data Kementerian Ketenagakerjaan (Kemenaker) mencatat, pada Januari hingga April 2025 total ada 24.036 orang pekerja yang terdampak PHK. Jumlah paling banyak terjadi di tiga provinsi, yakni Jawa Tengah dengan 10.692 pekerja, Jakarta 4.649 orang, dan 3.546 orang di Riau. Berdasarkan survei Asosiasi Pengusaha Indonesia (Apindo) terhadap 357 perusahaan anggotanya yang dilakukan per Maret 2025, mayoritas atau sekitar 65% mengatakan PHK menjadi opsi karena terjadi penurunan permintaan. Selain itu, PHK juga terjadi karena efisiensi yang menjadi salah satu pilihan agar perusahaan bisa bertahan.  ",https://www.liputan6.com/bisnis/read/6026999/waspadai-dampak-phk-ke-sektor-pembiayaan-ojk-risiko-kredit-masih-terkendali,Liga Italia
14,"Serie A dan Como Buka Mata Fabregas, Leverkusen Tawarkan Kesempatan","KOMPAS.com- PelatihComo,Cesc Fabregas, menyebut hidup adalah tentang kesempatan. Usai melesatkan Como, kesempatan besar melatihLeverkusendatang. CescFabregasmenjadi sorotan utama dalam bursa pelatih Eropa menyusul performa impresifnya bersamaComo 1907musim ini. Pelatih asal Spanyol itu sukses membawa tim promosi beralias Il Lariani tersebut bertengger di posisi ke-10 klasemenSerie A2024-2025. Bahkan dalam enam laga terakhir, Como meraih kemenangan beruntun atas Monza (3-1), Torino (1-0), Lecce (3-0), Genoa (1-0), Parma (1-0), dan Cagliari (3-1). Lesatan tersebut membuat nama Fabregas dilirik klub-klub besar Eropa, terutamaBayer Leverkusenyang tengah mencari sosok penggantiXabi Alonso. Leverkusen baru saja mengakhiri kebersamaan dengan Alonso yang telah berlangsung selama 2,5 tahun. Baca juga:Como Siapkan Pengganti Fabregas, Dua Pelatih Real Madrid Jadi Kandidat Selama periode itu, Alonso membawa Leverkusen meraih gelar Bundesliga 2023-2024 dan lolos ke final Liga Europa pada musim yang sama, meski akhirnya dikalahkan Atalanta di laga penentu trofi. Fabregas, yang kini disebut sebagai kandidat utama untuk menukangi Leverkusen musim depan, belum memberikan kepastian soal masa depannya. “Como adalah kesempatan besar bagi saya. Saya mulai melatih tim Primavera dengan pikiran jauh bahwa suatu saat akan melatih tim utama, meskipun semuanya terjadi lebih cepat dari dugaan. Semua yang terjadi sejauh ini begitu cepat,” tutur Fabxregas kepadaSkydilansir dariTuttomercatoweb. “Saya ke Leverkusen? Saya hanya fokus bekerja. Saya masih sangat di awal karier saya, masih banyak yang harus dilakukan,” kata pelatih asal Spanyol itu. Fabregas yang baru mendapatkan sertifikat kepelatihan UEFA Pro jelang musim 2024-2025 mengaku menikmati petualangan di Serie A bersama Como. Baca juga:Bayer Leverkusen Bisa Umumkan Kedatangan Cesc Fabregas Pekan Depan Ia mengakui bahwa hidup adalah tentang kesempatan dantiming. Bagi sebagian fan Como, perkataan itu pun seperti menyiratkan perpisahan. Sebab, Leverkusen yang kini menjadi kekuatan kedua di Bundesliga setelah Bayern Muenchen, datang mengetuk pintu Fabregas. “Saya memiliki tim muda yang mengikuti saya, saya sangat beruntung. Hidup itu tentang kesempatan dan waktu yang tepat."" ""Serie A banyak mengajari saya dan membuka hal-hal baru, karena itu saya sangat senang,” ujar pria yang sebagai pemain turut membawa Spanyol juara Piala Dunia 2010 itu.",https://bola.kompas.com/read/2025/05/13/16315538/serie-a-dan-como-buka-mata-fabregas-leverkusen-tawarkan-kesempatan,Liga Italia
